<?xml version="1.0" encoding="UTF-8"?>
<project-private xmlns="http://www.netbeans.org/ns/project-private/1">
    <editor-bookmarks xmlns="http://www.netbeans.org/ns/editor-bookmarks/2" lastBookmarkId="0"/>
    <open-files xmlns="http://www.netbeans.org/ns/projectui-open-files/2">
        <group>
            <file>file:/C:/Users/shawn/Documents/NetBeansProjects/fopnetbeans/src/fopnetbeans/ErrorsDashboardPC.java</file>
            <file>file:/C:/Users/shawn/Documents/NetBeansProjects/fopnetbeans/src/fopnetbeans/PromptDate.java</file>
            <file>file:/C:/Users/shawn/Documents/NetBeansProjects/fopnetbeans/src/fopnetbeans/PartitionDashboardPC.java</file>
            <file>file:/C:/Users/shawn/Documents/NetBeansProjects/fopnetbeans/src/fopnetbeans/findInitPrio.java</file>
            <file>file:/C:/Users/shawn/Documents/NetBeansProjects/fopnetbeans/src/fopnetbeans/PieChart.java</file>
            <file>file:/C:/Users/shawn/Documents/NetBeansProjects/fopnetbeans/src/fopnetbeans/NPKillRequestPC.java</file>
            <file>file:/C:/Users/shawn/Documents/NetBeansProjects/fopnetbeans/src/fopnetbeans/ErrorsDashboardBC.java</file>
            <file>file:/C:/Users/shawn/Documents/NetBeansProjects/fopnetbeans/src/fopnetbeans/NPKillRequestBC.java</file>
            <file>file:/C:/Users/shawn/Documents/NetBeansProjects/fopnetbeans/src/fopnetbeans/PartitionDashboardBC.java</file>
            <file>file:/C:/Users/shawn/Documents/NetBeansProjects/fopnetbeans/src/fopnetbeans/SuccessRate.java</file>
            <file>file:/C:/Users/shawn/Documents/NetBeansProjects/fopnetbeans/src/fopnetbeans/SelectionMenu.java</file>
        </group>
    </open-files>
</project-private>
